[
    {
        "id": [
            {
                "value": "2"
            }
        ],
        "uuid": [
            {
                "value": "a3b64581-72ce-425f-9c73-69a4f2bc622b"
            }
        ],
        "revision_id": [
            {
                "value": "2"
            }
        ],
        "langcode": [
            {
                "value": "es"
            }
        ],
        "revision_timestamp": [
            {
                "value": "1735595099"
            }
        ],
        "revision_uid": [],
        "revision_log": [],
        "label": [
            {
                "value": "Carousel Simple"
            }
        ],
        "status": [
            {
                "value": "1"
            }
        ],
        "items": [
            {
                "target_id": "7"
            },
            {
                "target_id": "2"
            },
            {
                "target_id": "3"
            },
            {
                "target_id": "1"
            },
            {
                "target_id": "18"
            },
            {
                "target_id": "19"
            }
        ],
        "uid": [
            {
                "target_id": "1"
            }
        ],
        "created": [
            {
                "value": "1735595078"
            }
        ],
        "changed": [
            {
                "value": "1739900585"
            }
        ],
        "default_langcode": [
            {
                "value": "1"
            }
        ],
        "revision_default": [
            {
                "value": "1"
            }
        ],
        "revision_translation_affected": [
            {
                "value": "1"
            }
        ]
    },
    {
        "id": [
            {
                "value": "3"
            }
        ],
        "uuid": [
            {
                "value": "97ebeca5-f142-456e-bc52-83fe8f940b87"
            }
        ],
        "revision_id": [
            {
                "value": "3"
            }
        ],
        "langcode": [
            {
                "value": "es"
            }
        ],
        "revision_timestamp": [
            {
                "value": "1739548118"
            }
        ],
        "revision_uid": [],
        "revision_log": [],
        "label": [
            {
                "value": "Carousel Brands"
            }
        ],
        "status": [
            {
                "value": "1"
            }
        ],
        "items": [
            {
                "target_id": "13"
            },
            {
                "target_id": "14"
            }
        ],
        "uid": [
            {
                "target_id": "1"
            }
        ],
        "created": [
            {
                "value": "1739548095"
            }
        ],
        "changed": [
            {
                "value": "1740572329"
            }
        ],
        "default_langcode": [
            {
                "value": "1"
            }
        ],
        "revision_default": [
            {
                "value": "1"
            }
        ],
        "revision_translation_affected": [
            {
                "value": "1"
            }
        ]
    },
    {
        "id": [
            {
                "value": "4"
            }
        ],
        "uuid": [
            {
                "value": "13325d4b-d3cc-47cf-b4b9-c329e35752c5"
            }
        ],
        "revision_id": [
            {
                "value": "4"
            }
        ],
        "langcode": [
            {
                "value": "es"
            }
        ],
        "revision_timestamp": [
            {
                "value": "1739898898"
            }
        ],
        "revision_uid": [],
        "revision_log": [],
        "label": [
            {
                "value": "Carousel Bootstrap"
            }
        ],
        "status": [
            {
                "value": "1"
            }
        ],
        "items": [
            {
                "target_id": "18"
            },
            {
                "target_id": "19"
            }
        ],
        "uid": [
            {
                "target_id": "1"
            }
        ],
        "created": [
            {
                "value": "1739898877"
            }
        ],
        "changed": [
            {
                "value": "1739898911"
            }
        ],
        "default_langcode": [
            {
                "value": "1"
            }
        ],
        "revision_default": [
            {
                "value": "1"
            }
        ],
        "revision_translation_affected": [
            {
                "value": "1"
            }
        ]
    },
    {
        "id": [
            {
                "value": "5"
            }
        ],
        "uuid": [
            {
                "value": "5d5bf0f9-ce78-404a-b7fe-148df8a1b211"
            }
        ],
        "revision_id": [
            {
                "value": "5"
            }
        ],
        "langcode": [
            {
                "value": "es"
            }
        ],
        "revision_timestamp": [
            {
                "value": "1739901569"
            }
        ],
        "revision_uid": [],
        "revision_log": [],
        "label": [
            {
                "value": "Carousel Brands (cars)"
            }
        ],
        "status": [
            {
                "value": "1"
            }
        ],
        "items": [
            {
                "target_id": "8"
            },
            {
                "target_id": "9"
            },
            {
                "target_id": "10"
            },
            {
                "target_id": "20"
            },
            {
                "target_id": "11"
            },
            {
                "target_id": "12"
            },
            {
                "target_id": "21"
            }
        ],
        "uid": [
            {
                "target_id": "1"
            }
        ],
        "created": [
            {
                "value": "1739901523"
            }
        ],
        "changed": [
            {
                "value": "1740400575"
            }
        ],
        "default_langcode": [
            {
                "value": "1"
            }
        ],
        "revision_default": [
            {
                "value": "1"
            }
        ],
        "revision_translation_affected": [
            {
                "value": "1"
            }
        ]
    }
]